Model,N,Threads,K,Kernel_ms,Total_ms
OpenMP,100000,1,50,0.0,30.88336666666667
OpenMP,100000,2,50,0.0,12.741166666666667
OpenMP,100000,4,50,0.0,5.67386
OpenMP,100000,8,50,0.0,6.433706666666666
CUDA,100000,256,50,67.7867,68.41216666666666
OpenMP,500000,1,50,0.0,107.67099999999999
OpenMP,500000,2,50,0.0,53.90376666666666
OpenMP,500000,4,50,0.0,27.38723333333333
OpenMP,500000,8,50,0.0,15.859633333333335
CUDA,500000,256,50,46.71086666666667,47.8522
OpenMP,1000000,1,50,0.0,213.80766666666668
OpenMP,1000000,2,50,0.0,106.08033333333333
OpenMP,1000000,4,50,0.0,53.83936666666667
OpenMP,1000000,8,50,0.0,33.8355
CUDA,1000000,256,50,82.98819999999999,84.67813333333334
OpenMP,2000000,1,50,0.0,425.27833333333336
OpenMP,2000000,2,50,0.0,209.80166666666665
OpenMP,2000000,4,50,0.0,106.50866666666667
OpenMP,2000000,8,50,0.0,58.73303333333333
CUDA,2000000,256,50,54.258,57.237433333333335
OpenMP,5000000,1,50,0.0,1056.0199999999998
OpenMP,5000000,2,50,0.0,524.6836666666667
OpenMP,5000000,4,50,0.0,262.50866666666667
OpenMP,5000000,8,50,0.0,332.2456666666667
CUDA,5000000,256,50,52.68453333333333,59.00573333333333
OpenMP,10000000,1,50,0.0,2097.596666666667
OpenMP,10000000,2,50,0.0,1048.9533333333331
OpenMP,10000000,4,50,0.0,524.197
OpenMP,10000000,8,50,0.0,289.89799999999997
CUDA,10000000,256,50,133.06196666666668,147.56633333333335
